NIK;FGD Analytical Thinking;Level;FGD Business Planning;Level;FGD Leadership;Level;Catatan;Interview Analytical Thinking;Level;Interview Business Planning;Level;Interview Leadership;Level;Catatan;MCU;Psikotest;Rekomendasi Pengembangan Awal;PIC
80667;;;;;;;;;;;;;;;;;;
73540;;;;;;;;;;;;;;;;;;
74200;;;;;;;;;;;;;;;;;;
75482;;;;;;;;;;;;;;;;;;
81272;;;;;;;;;;;;;;;;;;
81373;;;;;;;;;;;;;;;;;;
77829;;;;;;;;;;;;;;;;;;
78447;;;;;;;;;;;;;;;;;;
80204;;;;;;;;;;;;;;;;;;
80252;;;;;;;;;;;;;;;;;;
85573;;;;;;;;;;;;;;;;;;
84307;;;;;;;;;;;;;;;;;;
81485;;;;;;;;;;;;;;;;;;
88626;;;;;;;;;;;;;;;;;;
82034;;;;;;;;;;;;;;;;;;
82112;;;;;;;;;;;;;;;;;;
82252;2;2;2;2;2;2;Ngelead diskusi, ada analisa dan strategi;2;2;2;2;2;2;sudah ada dasar2 leadership karena sebagai SOA store beberapa kali menjadi pic event;;;;VW
82259;;;;;;;;;;;;;;;;;;
82365;;;;;;;;;;;;;;;;;;
82433;;;;;;;;;;;;;;;;;;
82665;;;;;;;;;;;;;;;;;;
82482;;;;;;;;;;;;;;;;;;
82671;;;;;;;;;;;;;;;;;;
82765;;;;;;;;;;;;;;;;;;
82659;;;;;;;;;;;;;;;;;;
82895;;;;;;;;;;;;;;;;;;
82893;;;;;;;;;;;;;;;;;;
83258;;;;;;;;;;;;;;;;;;
83259;;;;;;;;;;;;;;;;;;
83615;;;;;;;;;;;;;;;;;;
83822;;;;;;;;;;;;;;;;;;
83881;;;;;;;;;;;;;;;;;;
83914;;;;;;;;;;;;;;;;;;
84223;;;;;;;;;;;;;;;;;;
84251;;;;;;;;;;;;;;;;;;
84433;;;;;;;;;;;;;;;;;;
84432;;;;;;;;;;;;;;;;;;
84576;;;;;;;;;;;;;;;;;;
84630;;;;;;;;;;;;;;;;;;
84646;;;;;;;;;;;;;;;;;;
84700;;;;;;;;;;;;;;;;;;
84841;;;;;;;;;;;;;;;;;;
84699;;;;;;;tidak FGD kandidat satu2nya;2;2;1;1;1;1;perlu dikembangkan ddi perencanaan strategi & leadership;https://drive.google.com/open?id=1fnDRWPeJjcnpN6cMzIUly00lKEOHGZ1h&usp=drive_fs;https://drive.google.com/open?id=1yGwC5NBJHk691jjlYwn1K8vSBU3hkCPK&usp=drive_fs;;VW
84908;;;;;;;;;;;;;;;;;;
84912;;;;;;;;;;;;;;;;;;
84995;;;;;;;;;;;;;;;;;;
85067;;;;;;;;;;;;;;;;;;
85506;;;;;;;;;;;;;;;;;;
85507;;;;;;;;;;;;;;;;;;
85611;;;;;;;;;;;;;;;;;;
85830;2;2;2;2;1;1;aktif dalam diskusi, ada analisa dan strategi;2;2;2;2;1;1;leadership perlu dikembangkan di tempat kerja, masih fresh graduate;https://drive.google.com/open?id=1VdZ58wVwPrBnHQpkO8w4IYLt_nkp1WQ5&usp=drive_fs;https://drive.google.com/open?id=11z-gCMikXI86qACqE2yLGZhBegKNDGiz&usp=drive_fs;;VW
85872;;;;;;;;;;;;;;;;;;
85891;2;2;2;2;2;2;ngelad diskusi, ok di analisa dan strategi perencanaan dari pengalamannya di Decathlon;2;2;2;2;2;2;sudah bergerak di dunia literasi dan banyak masukan untuk pengembangan di Gramedia;https://drive.google.com/open?id=1D7zCwLDGrLuZ_P6C73oNFcP0w3iMZ6j-&usp=drive_fs;https://drive.google.com/open?id=1VwbM9CDWr9_DZyTB-46tOGXkqXWIJQ1u&usp=drive_fs;;VW
85928;;;;;;;;;;;;;;;;;;
88638;2;2;2;2;2;2;ngelad diskusi, ok di analisa dan strategi perencanaan dari pengalamannya di Decathlon;2;2;2;2;2;2;sudah ada dasar2 leadership karena sebagai SOA store beberapa kali menjadi pic event;;https://drive.google.com/open?id=1YTlE5oVpTyi2BrNUVTvPv3_xYVwivFOo&usp=drive_fs;;VW
85859;;;;;;;;;;;;;;;;;;
86059;;;;;;;;;;;;;;;;;;
86184;2;2;2;2;2;2;ngelad diskusi, ok di analisa dan strategi perencanaan dari pengalamannya di Decathlon;2;2;2;2;2;2;sudah ada dasar2 leadership karena sebagai SOA store beberapa kali menjadi pic event;;https://drive.google.com/open?id=140O0LgGpSs4-kJ4lvj6VHkzCvIItH1Uf&usp=drive_fs;;VW
86231;2;2;2;2;2;2;ngelad diskusi, ok di analisa dan strategi perencanaan dari pengalamannya di Decathlon;2;2;2;2;2;2;;https://drive.google.com/open?id=1Zaw9lkYay91-syrGuUqMoKkrY4kaZahq&usp=drive_fs;https://drive.google.com/open?id=140O0LgGpSs4-kJ4lvj6VHkzCvIItH1Uf&usp=drive_fs;;VW
86192;2;2;2;2;1;1;aktif dalam diskusi, ada analisa dan strategi;2;2;2;2;1;1;leadership perlu dikembangkan di tempat kerja, masih fresh graduate;https://drive.google.com/open?id=1ykO1LKqDatkqZjsBIzJUSI8sgBdhULps&usp=drive_fs;https://drive.google.com/open?id=1RFTsQMbEaQ7ANw7EA7TkUFAM9vFdD6YA&usp=drive_fs;;VW
86446;;;;;;;;;;;;;;;;;;
86447;;;;;;;;;;;;;;;;;;
86537;;;;;;;tidak FGD karena kandidatnya 1;2;2;2;2;2;2;kemampuan analisa, perencanaan strategi dan leadership sudah terbentuk saat jadi SS Medan dan tempat kerja berikutnya;https://drive.google.com/open?id=1XRNpCjySvh-8ft2_09ZrEN6SlqLJX-lO&usp=drive_fs;https://drive.google.com/open?id=1jG68SpYQYhJ6hvu0ffx4OMj5wPlUz7wi&usp=drive_fs;;VW
86538;;;;;;;;;;;;;;;;;;
86561;;;;;;;;;;;;;;;;;;
86692;;;;;;;;;;;;;;;;;;
86750;;;;;;;;;;;;;;;;;;
86749;2;2;2;2;2;2;ngelad diskusi, ok di analisa dan strategi perencanaan dari pengalamannya di Decathlon;2;2;2;2;1;1;ada kemampuan analisa dan strategi yg dibutuhkan di SS, leadership sudah ada dasar2;;https://drive.google.com/open?id=1uxsGduPyKsSo7NfqRRhS7bH-R1tG3Ooz&usp=drive_fs;;VW
86528;2;2;2;2;2;2;aktif dalam diskusi, ada analisa dan strategi;2;2;2;2;1;1;ada kemampuan analisa dan strategi, leadership perlu dikembangkan di tempat kerja, pengalaman sebelumnya sebagai SOA dan checker;https://drive.google.com/open?id=1PCQmLgY9bzq7-pJsICAWouALCoEX7Wc1&usp=drive_fs;https://drive.google.com/open?id=1QEYJYkntZSIaDS95VgP01f94LQUHuNx6&usp=drive_fs;;VW
86787;;;;;;;;;;;;;;;;;;
86802;;;;;;;;;;;;;;;;;;
86814;;;;;;;;;;;;;;;;;;
86852;;;;;;;;;;;;;;;;;;
86884;2;2;2;2;2;2;ngelad diskusi, ok di analisa dan strategi perencanaan dari pengalamannya di Decathlon;2;2;2;2;2;2;punya kemampuan analisa, perencanaan strategi dan leadership dr pengalaman selama Decathlon;https://drive.google.com/open?id=1fr9BM3M0T2e5m5E3yrccn-oUe7fi8jXR&usp=drive_fs;https://drive.google.com/open?id=1MZwV_NZPX10VeEeLQHBf0HaqeooF_14O&usp=drive_fs;;VW
86941;2;2;2;2;2;2;ngelad diskusi, ok di analisa dan strategi perencanaan;2;2;2;2;2;2;punya kemampuan analisa, perencanaan strategi dan dasar2 leadership;https://drive.google.com/open?id=1X9rMQXr1ixaQhxOPnP6_lptwrf20feh0&usp=drive_fs;https://drive.google.com/open?id=1fiRHgM9g1HLgVW1mfeDhM1HZyjejFL7d&usp=drive_fs;;VW
86951;;;;;;;;;;;;;;;;;;
87040;;;;;;;;;;;;;;;;;;
87124;2;2;2;2;2;2;aktif dan ikut ngelead dalam diskusi, analisa dan strategi ok;2;2;1;1;1;1;ada kemampuan analisa, leadership dan perencanaan strategi perlu dikembangkan lebih lanjut;https://drive.google.com/open?id=1mOvLnJkcov5ixNvjCa8WbfDWeIDEfgEs&usp=drive_fs;https://drive.google.com/open?id=1ejaJPtUGF-4bqUryKIjtoP97YC-FHDJm&usp=drive_fs;;VW
87079;;;;;;;;;;;;;;;;;;
87283;;;;;;;;;;;;;;;;;;
87229;;;;;;;;;;;;;;;;;;
87231;;;;;;;;;;;;;;;;;;
87036;;;;;;;;;;;;;;;;;;
87376;;;;;;;;;;;;;;;;;;
87369;;;;;;;;;;;;;;;;;;
87358;;;;;;;;;;;;;;;;;;
87365;2;2;2;2;2;2;aktif dalam diskusi, analisa dan strategi ok;2;2;2;2;1;1;ada kemampuan analisa dan strategi, leadership perlu dikembangkan lebih lanjut, masih freshgraduate;https://drive.google.com/open?id=1uLEPsYsCXI60NysF-H9lDsb9Bk-4WysY&usp=drive_fs;https://drive.google.com/open?id=1pVMn1s8Lnwetv2Owg5bJpSeudQY6MrDo&usp=drive_fs;;VW
87499;;;;;;;;;;;;;;;;;;
87610;2;2;2;2;2;2;ngelad diskusi, ok di analisa dan strategi perencanaan;2;2;2;2;2;2;punya kemampuan analisa, perencanaan strategi dan dasar2 leadership dari kegiatan organisasi dan bisnis keluarga;https://drive.google.com/open?id=1QLRQRGnyV-MyTsrwwyBoHrzLQveauAMf&usp=drive_fs;https://drive.google.com/open?id=10gx_D5RTNiJ43-mjHQR53_3LWFbcXkeD&usp=drive_fs;;VW
87617;2;2;2;2;1;1;Saat FGD cukup berpartisipasi hanya jalannya dikusi cenderung didominasi salah 1 peserta lain;2;2;2;2;1;1;;https://drive.google.com/file/d/1cEd_54V7YIKIiUfkSg6dK6LDihOgbFJc/view?usp=drive_link;https://drive.google.com/file/d/1DKk9jeJu5JHenaOOJNdsiHMTdvzujPzD/view?usp=drive_link;Akses materi-materi terkait leadership di Kognisi untuk semakin meningkatkan kemampuan leadershipnya;VW
87627;2;2;2;2;2;2;ngelad diskusi, ok di analisa dan strategi perencanaan;2;2;2;2;2;2;ada kemampuan analisa, perencanaan dan dasar2 leadership;https://drive.google.com/open?id=1ja6cfeZoJO7-qZZpvxr90RRUE030_pi9&usp=drive_fs;https://drive.google.com/open?id=1cpo9EYmg7aYAUSl98A8tqj5hLp9r6W1d&usp=drive_fs;;VW
87663;;;;;;;;;;;;;;;;;;
87677;2;2;2;2;2;2;;2;2;2;2;2;2;;;;;
87662;2;2;2;2;1;1;Dengan background pengalamannya di dekoruma, Nisrina aktif memberikan untuk penyelesaian kasus, ide untuk pengembangan store G, hanya kurang aktif mengarahkan jalannya diskusi karena ada peserta lain yg lebih aktif mengarahkan;2;2;2;2;2;2;Berdasarkan pengalamannya di Dekoruma, Nisrina memaparkan pengalamannya dalam memimpin tim, analisa dan perencanaan untuk memastikan target2 di dekoruma dapat tercapai;https://drive.google.com/file/d/1n5KH06IkKDP4AtR2XnuEGgz79UhQJ8R-/view?usp=drive_link;https://drive.google.com/file/d/139rjLIk6tbRhspxsRw5MNk_qRQZvwTSE/view?usp=drive_link;Memanfaatkan pengetahuan, skill yaang dipelajari selama di Dekoruma dan diterapkan di store, khususnya bagaimana menggerakkan tim dalam mencapai target2;VW
87829;2;2;2;2;2;2;;2;2;2;2;2;2;;;;;
87860;2;2;2;2;2;2;;2;2;2;2;2;2;Meskipun masih relatif fresh graduate, nampak analisa, strategi dan leadershipnya didapat dr pengalaman organisasi dan bisnis keluarga;https://drive.google.com/open?id=1MtwHqAfrGKbqgy_2D6vqpYrjxJWETVEW&usp=drive_fs;https://drive.google.com/open?id=1lOSFVzrSCV_5HVPEdz28R0ZHL0Ks6Vuh&usp=drive_fs;;VW
87887;;;;;;;;;;;;;;;;;;
88074;2;2;2;2;2;2;aktif dalam diskusi, ikut ngelead jalannya diskusi;2;2;2;2;2;2;punya kemampuan analisa, perencanaan strategi dan dasar2 leadership dari kegiatan organisasi;https://drive.google.com/open?id=1lzViHebWnAtkMS-MeF6A6AZ9kRhTQWXh&usp=drive_fs;https://drive.google.com/open?id=1_m9xFuJ5oU24Hc_NZrZHWFOH9wg_NKaN&usp=drive_fs;;VW
88168;;;;;;;;;;;;;;;;;;
87853;;;;;;;;;;;;;;;;;;
88218;2;2;2;2;2;2;ngelead diskusi, analisa dan strategi ok;2;2;2;2;2;2;punya kemampuan analisa, perencanaan strategi dan dasar2 leadership dari kegiatan organisasi dan di organisasi NGO;https://drive.google.com/open?id=1dwRlOTFPpuujGfw_9o4f--QjZlKv5hd1&usp=drive_fs;https://drive.google.com/open?id=1oVu9_BRl6W1VfQufSbUNV3jpl1oGAMwz&usp=drive_fs;;VW
88247;2;2;2;2;2;2;ngelead diskusi, analisa dan strategi ok;2;2;2;2;2;2;punya kemampuan analisa, perencanaan strategi dan dasar2 leadership dari kegiatan organisasi;https://drive.google.com/open?id=1yrT_VyCi9Ibwr8qG_2UuUOxlqvhaZ7oU&usp=drive_fs;https://drive.google.com/open?id=1xgCILkiEkXHYwj-bCkf6Sa9AQoRG6Rsk&usp=drive_fs;;VW
88271;;;;;;;;;;;;;;;;;;
88401;;;;;;;;;;;;;;;;;;
88373;;;;;;;;;;;;;;;;;;
88402;;;;;;;;;;;;;;;;;;
88436;2;2;2;2;2;2;aktif dalam diskusi, ikut ngelead jalannya diskusi;2;2;2;2;1;1;punya kemampuan analisa, perencanaan strategi, leadership perlu dikembangkan;https://drive.google.com/open?id=1Fn8qarpyCz9u8gymDro5lFtO15ns1WJy&usp=drive_fs;https://drive.google.com/open?id=19AkOvpQ_hgBpXgnyFuPGDfU_dqvmX31T&usp=drive_fs;;VW
88432;2;2;2;2;2;2;aktif dalam diskusi, ikut ngelead jalannya diskusi, analisa dan strategi ok;2;2;2;2;2;2;punya kemampuan analisa, perencanaan strategi dan dasar2 leadership dari kegiatan organisasi;https://drive.google.com/open?id=1SDs2SF07VG98T5a16Lopm6Eh2zxy-hE5&usp=drive_fs;https://drive.google.com/open?id=1PV1tSpU_A0N4S0L4Ylp7Ncp4vBpmY6pa&usp=drive_fs;;VW
88433;2;2;2;2;2;2;Ngelead diskusi, analisa dan strategi ok;2;2;2;2;2;2;punya kemampuan analisa, perencanaan strategi dan dasar2 leadership dari kegiatan organisasi;https://drive.google.com/open?id=1CeEUT9Df_EruGdNgnx5dqfoX0H498_9C&usp=drive_fs;https://drive.google.com/open?id=1lhKU5DmESe6d0ugh-_qMCEv8m8ONWAuz&usp=drive_fs;;VW
88456;;;;;;;;;;;;;;;;;;
88546;;;;;;;;;;;;;;;;;;
88629;;;;;;;;;;;;;;;;;;
88592;;;;;;;;;;;;;;;;;;
88730;2;2;2;2;2;2;ngelead diskusi, ada analisa dan strategi dari pengalaman magang di Gramedia;2;2;2;2;2;2;punya kemampuan analisa, perencanaan strategi dan dasar2 leadership dari pengalaman magang di Gramedia CP selama ikut magang dr kampus;https://drive.google.com/open?id=1vvL778vaG-h4Hbjm1U2QLZFVpfFBm2QJ&usp=drive_fs;https://drive.google.com/open?id=1psGsg_Ohk6Rlr5Cv6sJCQ4fsFfPfguLb&usp=drive_fs;;VW
88755;2;2;2;2;2;2;;2;2;2;2;1;1;punya kemampuan analisa dan perencanaan strategi, leadership perlu diasah di lapangan;https://drive.google.com/open?id=1PIkONHDGAD-9Occx13E7KJB15jJ3su7M&usp=drive_fs;https://drive.google.com/open?id=1E8EUIWu9NxFQE_a9QPEbyXifh0SGxx2M&usp=drive_fs;;VW
88445;2;2;2;2;2;2;aktif dalam diskusi dan ikut ngelead diskusi, analisa dan strategi ok;2;2;2;2;2;2;punya kemampuan analisa, perencanaan strategi dan dasar2 leadership dari kegiatan organisasi;https://drive.google.com/open?id=1GSXj4UjmMXysCEc-NAhJ5qSQebXyY3hh&usp=drive_fs;https://drive.google.com/open?id=18_9os6AKffHtxN0Yk56HI5-8_3I9Ud5a&usp=drive_fs;;VW
88674;2;2;2;2;2;2;;2;2;2;2;1;1;punya kemampuan analisa dan perencanaan strategi, leadership perlu diasah di lapangan;;https://drive.google.com/open?id=17NCwxInH-twvOMfUfkC8r7z-aQjXyk6-&usp=drive_fs;;VW
88639;;;;;;;;;;;;;;;;;;
88779;;;;;;;tidak FGD karena kandidat sendirian;2;2;2;2;1;1;ada dasar2 analisa dan strategi dr pengalaman sebagai SOA Gramedia, perlu dikembangkan leadershipnya;https://drive.google.com/open?id=1qXVa3Ab_Z0q17Tax-FIbS3dbRlmTLd3Z&usp=drive_fs;https://drive.google.com/open?id=1Tso5v4yD7-jJPDrZuZ6Ok8XvvKhH_hy1&usp=drive_fs;dikembangkan di leadership karena background dari SOA;VW
88836;2;2;2;2;2;2;;;;;;;;;https://drive.google.com/open?id=13njGhu69XeeJGCFO7lTn9-x3rsbY9HM5&usp=drive_fs;https://drive.google.com/open?id=1bq1V3JfNcC9fNewkBaAxFkLZofLlR2H-&usp=drive_fs;;VW
88838;;;;;;;;;;;;;;;;;;
88820;;;;;;;;;;;;;;;;;;
88847;;;;;;;;;;;;;;;;;;
88885;;;;;;;tidak FGD karena seleksi sendiri;2;2;2;2;1;1;perlu dikembangkan di leadership;https://drive.google.com/open?id=1R0pRW3TdBvNKpWzWPVqw6gTLY9z_0VcI&usp=drive_fs;https://drive.google.com/open?id=1iVvgEQ5mWXh2ncYopa7HNqaDuUmywWlx&usp=drive_fs;;
88917;2;2;2;2;2;2;ikut ngelead diskusi;2;2;2;2;2;2;perlu diperkuat di pengetahuan retail;;;;VW
88920;;;;;;;;;;;;;;;;;;
89047;;;;;;;;;;;;;;;;;;
89099;;;;;;;;;;;;;;;;;;
89141;;;;;;;;;;;;;;;;;;
89145;;;;;;;;;;;;;;;;;;
89218;;;;;;;;;;;;;;;;;;
89143;2;2;2;2;2;2;ngelead diskusi;2;2;2;2;2;2;dari pengalaman organisasi nampak kemampuan di analisa, strategi dan leadershipnya;https://drive.google.com/open?id=1yyr7dWUjxM5xvv0R6K0bQ1LzA_I3U8dB&usp=drive_fs;https://drive.google.com/open?id=1b4g7tz5UComr8oquoWd23TcaSNZUSZik&usp=drive_fs;sudah ada dasar2 soft competency yg dibutuhkan, diperkuat di retailnya;VW
89329;2;2;2;2;2;2;Cukup aktif dalam diskusi, menyampaikan pendapat yang relevan meskipun masih terbatas dari sisi kedalaman analisis. Mampu bekerja sama dalam tim dan menunjukkan potensi memimpin dalam dinamika kelompok.;2;2;2;2;2;2;"Jawaban cukup relevan namun masih umum. Perlu pendalaman dalam menyusun strategi dan pengambilan keputusan. Potensi kolaboratif terlihat, namun belum menunjukkan inisiatif sebagai pemimpin.
Ada pengalaman di f&b, terlihat minat dalam membaca buku (pernah publish buku sendiri).";https://drive.google.com/open?id=1xTq3ZqITsr2boH_cVFMizRVKKOLEaMOf&usp=drive_fs;https://drive.google.com/open?id=1ZdfA2WnXpj-fyJfzGIF0hZ2maKGL1h9y&usp=drive_fs;Mengikuti pelatihan Excel Mastery untuk mengasah analisis data;RA
89362;3;3;2;2;2;2;Cenderung bisa lead dan maintain diskusi dengan baik, memberikan jawaban yang cukup relevan dengan topik yang dibahas;3;3;2;2;2;2;Cukup komunikatif, potential untuk leader walaupun belum memiliki pengalaman retail, punya kemauan untuk belajar;https://drive.google.com/file/d/1QipmcHlDPtKmJGq-HG_wJMHPVrTYLez8/view?usp=drive_link;https://drive.google.com/file/d/1AEW9yG3FCFNTD8V0aP2hrBcOrKj6D_6n/view?usp=drive_link;Dilibatkan dalam pelatihan kepemimpinan dan decision-making;RA
89179;2;2;2;2;2;2;Saat FGD aktif berpartisipasi dan ikut ngelead jalannya diskusi;2;2;2;2;2;2;dari pengalaman di tempat kerja sebelumnya nampak kemampuan di analisa, strategi, leadership perlu dikembangkan lagi;https://drive.google.com/file/d/1f1IqFb2BpVwMyPKBiBbqA9KwfVHhYELf/view?usp=drive_link;https://drive.google.com/open?id=1U5WNb8cXuT0l92oRDl6nWoLoejM1fPrn&usp=drive_fs;Motivasi tinggi, ada kemampuan analisa, perlu coaching di leadership;VW
89327;2;2;2;2;2;2;Saat FGD aktif berpartisipasi;2;2;2;2;2;2;Punya pengalaman sebagai konsultan untuk pengembangan bisnis;https://drive.google.com/file/d/1qGv-4KmO_ic-06K3ylvSM2X5cfpehTyt/view?usp=drive_link;https://drive.google.com/file/d/1CJo87Y-1EiDZYU8MNuvvEkrTSeeUI_DQ/view?usp=drive_link;ada pengalaman sebagai konsultan pengembangan bisanisa kafe, perlu dikembangkan leadership yg efektif di retail dan ide untuk pengebangan bisnis di toko;VW
89472;3;3;3;3;2;2;Komunikatif dan memiliki pemahaman yang tinggi terkait proses bisnis, cenderung memimpin jalannya diskusi;3;3;3;3;2;3;Proaktif ketika tanya jawab, elaboratif, mau belajar dan menunjukan ketertarikan dengan posisi, nilai plus karena sudah memahami proses bisnis toko Gramedia;https://drive.google.com/file/d/1m88QiUSJaekLhZl8l3aH2TY9XtJp4diU/view?usp=drive_link;https://drive.google.com/file/d/1XJm9AQRt7gvb-P7uuFHAw-Eu-QWUNKH8/view?usp=drive_link;;RA
89409;2;2;2;2;2;2;Saat FGD ngelead jalannya diskusi dan aktif berpartisipasi;2;2;2;2;2;2;Ok daam analisa, punya ide2 untuk pengembangan store ke depan dan punya leadership;https://drive.google.com/file/d/1kSZ6aqNyeWo3rr1-mv0iNaYaIwzLOdqA/view?usp=drive_link;https://drive.google.com/file/d/1Vik24CgJsCsXkL4R0rJGfg8h8-JvlH-d/view?usp=drive_link;Leadershipnya nampak saat interview dan FGD, tinggal diarahkan. Kemampuan analisa dan business planning ok;VW
89530;3;3;2;2;2;2;Memimpin jalannya diskusi, memberikan arahan yang jelas, tidak ragu memberikan pendapat dan masukan;2;2;2;2;2;2;Elaboratif dalam menjawab, tertarik dengan retail, punya pengalaman memimpin tim di dalam project intern dan freelance, kemauan belajar yang tinggi;https://drive.google.com/file/d/1aJk4y817ZhXJZZWD_9pLHeny8z_3YOgZ/view?usp=drive_link;https://drive.google.com/file/d/1UZT6e0IFrf3W6dWs9f05HLIfp-Iuck47/view?usp=drive_link;;RA
89364;2;2;2;2;3;3;Memberikan arahan dan aktif dalam diskusi, pendapat relevan dengan pertanyaan;2;2;3;3;3;3;Pengalaman sebagai trainee di Astra, terbiasa dengan sales b2c, memberikan penjelasan yang relevan, berpengalaman untuk memimpin tim;https://drive.google.com/open?id=1Apst3w35jToTRDtOPloBW62PbJo4wQgx&usp=drive_fs;https://drive.google.com/open?id=1LJhVDnyzHR2KkATrPE9Tv5YsHQE2YD-C&usp=drive_fs;;RA
89471;3;3;2;2;3;3;Aktif menyampaikan pendapat, mampu mengarahkan diskusi, analisis masalah cukup baik;3;3;2;2;3;3;Memiliki pengalaman organisasi yang kuat, komunikatif, dan terbiasa bekerja dalam tim;https://drive.google.com/file/d/1bo0V1PDvITyHKdLaYuuLuW9dcpNJ3hmT/view?usp=drive_link;https://drive.google.com/file/d/1-D59SKBOyTvOENa20RaIxbHfLRvu-Sw9/view?usp=drive_link;;RA
89594;;;;;;;;;;;;;;;;;;
89593;;;;;;;;;;;;;;;;;;
89595;2;2;2;2;2;2;Saat FGD ngelead jalannya diskusi dan aktif berpartisipasi;2;2;2;2;2;2;Banyak inisiatif yang dilakukan selama di toko. Target oriented. Paham target2 penjualan di toko. Menjadi best active selling SOA;https://drive.google.com/file/d/1_C7mpWBiy3XotWfIQqaNC6hR5nlNamwf/view?usp=drive_link;https://drive.google.com/file/d/1dqJdXEH30vgnrcrYX9kHgfsHLKZ9Nmap/view?usp=drive_link;Kemampuan analisa, business planning & leadershipnya ok dr pengalaman sebagai SOA. Tegas dan keinginan mencapai target tinggi. Dicoaching untuk proses yg lebih efektif di posisi SS;VW
89652;2;2;2;2;1;1;Saat FGD cukup aktif berpartisipasi dan memberikan masukan ke tim;2;2;2;2;1;1;ada kemampuan analisa dan ide untuk pengembangan bisnis Gramedia, leadership perlu dikembangkan di lapangan;https://drive.google.com/open?id=1mrsnuB34fVVCkmvkbvXB1PvtUoIm3IjC&usp=drive_fs;https://drive.google.com/file/d/1-z9JBYAdWGEr7qgs0xnfOYl9kS5-pNlX/view?usp=drive_link;Lebih dikembangkan leadershipnya di toko;VW
89698;2;2;2;2;2;2;Saat FGD aktif berpartisipasi dan ikut ngelead jalannya diskusi;2;2;2;2;1;1;ada kemampuan analisa dan ide untuk pengembangan bisnis Gramedia, leadership perlu dikembangkan di toko;https://drive.google.com/open?id=12bnaKw2aP322BqHuXYqyO2dZevhhLPRN&usp=drive_fs;https://drive.google.com/file/d/12qV6-VYAnLGb1XJhyD-7lIlLM_e508Bv/view?usp=drive_link;;VW
89703;;;;;;;;;;;;;;;;;;SL
89706;;;;;;;;;;;;;;;;;;SL
89716;3;3;2;2;3;3;Dominan dalam diskusi namun tetap memberi ruang bagi peserta lain, menyampaikan ide dengan struktur jelas;3;3;2;2;3;3;Pernah memimpin proyek kampus (KKN) untuk pengembangan literasi di daerahnya, pengalaman di bidang layanan pelanggan, percaya diri dan mampu menjelaskan pengalaman dengan baik;https://drive.google.com/file/d/1KGWn4NLbPiYCmBClGxmfZ6fQiyW6-3Tm/view?usp=drive_link;https://drive.google.com/file/d/1VUVvGJfKD--pp_QTHYAYuAtgfLPPV89X/view?usp=drive_link;;RA
89710;2;2;2;2;2;2;Saat FGD aktif berpartisipasi dalam diskusi;2;2;2;2;2;2;Pengalaman sebagai guru les musik, ada leadership, punya kemampuan analisa dan ada masukan untuk pengembangan toko Gramedia;https://drive.google.com/file/d/1nQSK59ELL1yeacY4rRavzeCZrpp6kzAC/view?usp=drive_link;https://drive.google.com/file/d/1oWAUQeugErFO_vcUX9hOakCr-gssSg9d/view?usp=drive_link;Ada pengalaman mengajar musik, ada komptensi di leadership dan analisa, business planning di retail perlu dikembangkan;VW
89772;2;2;2;2;3;3;Memberikan arahan dan aktif dalam diskusi, pendapat relevan dengan pertanyaan;3;3;2;2;3;3;Pengalaman handle event dan WO, memberikan jawaban yang relevan;https://drive.google.com/open?id=1BL7YKOeMRkjjhf1DxB3G3Z2Z2uCX_jj0&usp=drive_fs;https://drive.google.com/open?id=1BTeihlWju453c3_DKtXgZZya5H9p076B&usp=drive_fs;Perlu banyak belajar mengenai data dan perkembangan ritel;RA
89774;2;2;2;2;2;2;Cukup aktif dalam diskusi, menunjukkan sikap kerja sama namun kontribusi masih terbatas, pendapat belum terlalu menonjol;2;2;2;2;2;2;Memiliki pengalaman sebagai crew toko dan leader, mampu menjelaskan peran kepemimpinan dengan baik, namun masih perlu penguatan dalam aspek kolaborasi.;https://drive.google.com/file/d/1AJrVW3stHytnDp9yXljLacZtNYc-xrh0/view?usp=drive_link;https://drive.google.com/file/d/1Y3tv8E7sQJkBznrY7tB1fA0_7XlnJd-k/view?usp=drive_link;Leadership training;RA
89800;2;2;2;2;2;2;Kritis dan aktif, memberikan pendapat yang relevan;3;3;2;2;2;2;Terlihat percaya diri dan nyaman selama wawancara, elaboratif dalam menyampaikan jawaban;https://drive.google.com/file/d/1oX-IcG6qC6b5cefL8-iIcjBuuQRhW6h2/view?usp=drive_link;https://drive.google.com/file/d/1b4GXLBoxGgiW80OXXzbMqHxpKXcBvi_H/view?usp=drive_link;Komunikasi aktif dan pelatihan untuk kemampuan asertif;RA
89799;;;;;;;;;;;;;;;;;;SL
89841;2;2;2;2;2;2;Saat FGD aktif berpartisipasi dan ikut ngelead jalannya diskusi;2;2;2;2;1;1;Pengalaman kerja di F&B. Perlu diasah di leadershipnya;;;Perlu coaching di leadership dan knowledge di retail untuk optimalisasi kinerja;SL/VW
89832;2;2;2;2;2;2;Memberikan pendapat yang relevan dengan studi kasus dan berinisiatif memimpin jalannya diskusi. Terlihat percaya diri dan aktif dalam menyampaikan ide.;2;2;2;2;2;2;Kemampuan analitis, perencanaan bisnis, dan kepemimpinan masih pada tahap dasar. Perlu penguatan dalam menyusun strategi dan pengambilan keputusan, namun menunjukkan potensi kerja sama tim yang baik.;https://drive.google.com/open?id=1zlsvQ_8Jiko4_8vYLSNh47BBvT1ymMr5&usp=drive_fs;https://drive.google.com/open?id=1N9FWKEJf3OhgroKFpbB6FTxpJzub8hRb&usp=drive_fs;Pelatihan softskill untuk penjualan dan product knowledge, leadership juga perlu dilatih;RA
89842;2;2;2;2;2;2;Cukup aktif dalam diskusi, menunjukkan sikap kerja sama namun kontribusi masih terbatas, pendapat belum terlalu menonjol.;2;2;2;2;3;3;Pengalaman kerja di bagian kreatif dan marketing CRM, mampu menjawab pertanyaan dengan lugas, namun masih perlu pengembangan komunikasi dan pengetahuan di bidang ritel;https://drive.google.com/open?id=1mJTyo_wQaCWFzdVPmN6CUY_tQfpJWXEH&usp=drive_fs;https://drive.google.com/open?id=1wAw2ZwgfSJugvxOviXHQ9s04P7ffEW-Z&usp=drive_fs;Leadership sudah cukup terlihat namun perlu menjaga konsistensi dan upskilling melalui pelatihan yang relevan, analisis data juga perlu dipertajam;RA
89912;;;;;;;;;;;;;;;;;;
89916;2;2;2;2;2;2;Saat FGD ngelead jalannya diskusi dan aktif berpartisipasi;2;2;2;2;2;2;;https://drive.google.com/file/d/1qrUQMHVmWayTin9B-nvgOBuzfzCC9zmb/view?usp=drive_link;https://drive.google.com/file/d/1PrrXRvH8-ZO4USWo1ppf_rvT12aslPoj/view?usp=drive_link;Kemampuan analisa, business planning & leadershipnya ok. Tegas Dicoaching untuk proses yg lebih efektif di posisi SS;VW
89954;;;;;;;;;;;;;;;;;;SL/VW
89908;2;2;1;1;2;2;Memberikan pendapat secukupnya. Pendapat yang disampaikan tidak mendalam, dengan kemampuan analisis, perencanaan, dan kepemimpinan yang masih dalam tahap pengembangan.;2;2;1;1;2;2;Penjelasan seadanya, membutuhkan beberapa kali probing untuk mendapatkan jawaban yang relevan, terlihat adanya kemauan untuk memimpin. Cukup paham dengan operasional retail.;https://drive.google.com/open?id=1LkWcN_93J7KhmBNuS2QmQUtillNZwhWY&usp=drive_fs;https://drive.google.com/open?id=1RJmOEjuLyk_gy2hr9AMjGHNYgmz_7DJN&usp=drive_fs;Perlu diikutkan dalam pelatihan leadership, strategic planning, dan analisis data.;RA
89963;;;;;;;Tidak ikut FGD karena hanya 1 kandidat, kebutuhan urgent;2;2;1;1;2;2;Perlu dikembangkan di leadershipnya;https://drive.google.com/file/d/1S0rtHBU8SADD6BtuzCO6yBzET9hbdLu7/view?usp=drive_link;https://drive.google.com/file/d/1RsLt7VwBC7GsIW382WkzsFyUWdkkNkA7/view?usp=drive_link;Perlu dikembangkan di leadershipnya;VW
90009;2;2;2;2;2;2;Saat FGD aktif berpartisipasi;2;2;2;2;1;1;Dr hasil interview belum nampak kesempatan ybs untuk ngelead tim selama di SOA (event dll);https://drive.google.com/file/d/1sl72jDFGlMawV1AHzfLX506zlgc-TNw-/view?usp=drive_link;https://drive.google.com/file/d/1p0yWBPOPbo747jWsYg3AeII1p08oc4xo/view?usp=drive_link;Perlu dikembangkan di leadershipnya;VW
90061;2;2;2;2;2;2;Saat FGD aktif berpartisipasi;2;2;2;2;2;2;Masih freshgraduate. Inisiatif2nya dilakukan saat di organisasi kampus;https://drive.google.com/file/d/1LXO3CFWbST9zs1WG6-M2bIFvI3IxMCeA/view?usp=drive_link;https://drive.google.com/file/d/106Greu5Vsx3_6v-EDtqlgnabtZ5DDoYu/view?usp=drive_link;;VW
90075;2;2;2;2;2;2;Saat FGD ngelead jalannya diskusi dan aktif berpartisipasi;2;2;2;2;2;2;Masih freshgraduate. Inisiatif2nya dilakukan saat di kampus;https://drive.google.com/file/d/1rMGrdekt4UNjLUg0TjO78yf1qnrFZEEy/view?usp=drive_link;https://drive.google.com/file/d/1WspFf2eimCvY1Hpzx-_deYR4opw8X5L0/view?usp=drive_link;Fresh graduate, hanya dari proses seleksi sudah nampak leadershipnya. dicoaching lebih lanjut di tempat kerja;VW
90104;2;2;2;2;2;2;Cukup aktif dalam berpendapat dan memahami ritel;2;2;2;2;2;2;Dapat memberikan insight untuk perkembangan new store, mampu memberikan gambaran kondisi pasar & customer di area baru, memiliki kemauan utk berkembang dan keluar dari domisili;https://drive.google.com/file/d/13309IY1HFIL_2Ha3ejgnd-ukAWGIBw3W/view?usp=sharing;https://drive.google.com/file/d/1mT07S752YGm1n4Ha_LCHmNl71fXy2RoA/view?usp=sharing;Kemampuan analisa cukup memadai utk dapat diasah sesuai kebutuhan bisnis, komunikasi baik, motivasi tinggi untuk berkembang;DTA
90074;;;;;;;Tidak ikut FGD karena hanya 1 kandidat, kebutuhan urgent;2;2;1;1;2;2;Pengalaman sebagai pembimbing BK saat di sekolah, punya kemampuan analisa masalah dan mengarahkan anak2 didik di sekolah terkait karir;https://drive.google.com/file/d/1bJhMB1pM9xi1OtURfbgoHg4yuCJ9Q7Zw/view?usp=drive_link;https://drive.google.com/file/d/1vsmDksihbjdFgbFbPRGi0N-IQpGnFb_I/view?usp=drive_link;coaching leadership yang lebih efektif dan di analisa terkait retail;VW
90077;2;2;2;2;3;3;Beberapa kali memberikan insight untuk improvement toko, cukup aktif bertukar pikiran, namun masih terlihat kurang percaya diri.;2;2;2;2;2;2;Pembawaan tenang, masih perlu diasah untuk leadership dan analisis data;https://drive.google.com/open?id=1qi7nK2JauLbSZbVKzfWWQgoybPxHHqHA&usp=drive_fs;https://drive.google.com/open?id=180uhoTFfL9ReFasKqFI98q9QwMsgZVJF&usp=drive_fs;Leadership training dan mentoring, analisis data;RA
90137;2;2;2;2;2;2;Saat FGD ngelead jalannya diskusi dan aktif berpartisipasi;2;2;2;2;2;2;Memiliki ide2 untuk pengembangan yg bisa dilakukan di toko Pangkalan Bun dan membuka pasar;https://drive.google.com/open?id=1qkQbJbsJaadZoF9RBiAkeBS_nEn4cPlY&usp=drive_fs;https://drive.google.com/open?id=1aDzH5WvBdYjdBcdFAqmeXeUdqyXkM6xO&usp=drive_fs;;VW
90079;2;2;2;2;2;2;Saat FGD aktif berpartisipasi;2;2;2;2;2;2;Pengalaman dr kegiatan di organisasi kampus;https://drive.google.com/open?id=1U3Ge10OOeqFiaSDn51PHgeMSegb1XQMb&usp=drive_fs;https://drive.google.com/open?id=1MbNFs-t42MmMeCPaURxxzKNRn3QAepYa&usp=drive_fs;;VW
90146;2;2;2;2;2;2;Berpartisipasi dalam diskusi namun kontribusi masih terbatas. Menunjukkan sikap kooperatif sebagai anggota tim.;2;2;2;2;2;2;Jawaban yang diberikan masih cukup umum dan belum mendalam. Perlu peningkatan dalam aspek analisis dan perencanaan. Menunjukkan potensi kerja sama tim, namun belum terlihat inisiatif kepemimpinan.;https://drive.google.com/open?id=1cie3eiGCxhiuJmorMbEaZlqRgaEgWINT&usp=drive_fs;https://drive.google.com/open?id=1MKl1iCWRH6wWmRI18SHhPrV0_GMFpLMM&usp=drive_fs;Pelatihan komunikasi efektif, terutama dalam menyampaikan ide secara terstruktur kepada tim. Evaluasi berkala terhadap partisipasi aktif dalam diskusi dan kerja tim;RA
90143;2;2;2;2;2;2;Kontribusi aktif dalam sesi diskusi. Menunjukkan sikap kooperatif.;2;2;2;2;2;2;Respon yang relevan dengan pengalamannya. Potensi menjadi leader, namun perlu diasah dalam hal komunikasi.;https://drive.google.com/open?id=1p3Kdk3fsUbBgf0YTgM-L5TJL7lBiFrqx&usp=drive_fs;https://drive.google.com/open?id=1OIJLGWU0CV55AAP7jEp-eOP4Ur0S7RHr&usp=drive_fs;Pelatihan active listening, analisis data, leadership;RA
90148;2;2;1;1;2;2;Aktif memberikan pendapat, memberi kesempatan untuk orang lain untuk berperan dan bertukar pikiran. Masih perlu belajar dan memahami industri retail.;2;2;2;2;2;2;Komunikasi aktif, pengalaman lebih banyak di dunia pendidikan namun potensial untuk menjadi talent.;https://drive.google.com/open?id=1apmI36o_flSFOEf5oi8s_jNOKS1x1AWL&usp=drive_fs;https://drive.google.com/open?id=1y4ZxdgXf8AT6aguOX2f77WhBEAbHP6jh&usp=drive_fs;Retail knowledge, leadership, analisis data;RA
90145;2;2;2;2;2;2;Aktif dalam bertukar pikiran, memberikan jawaban yang relevan dengan topik yang dibahas. Analisis dan kepemimpinan masih bisa dikembangkan lebih lanjut.;2;2;2;2;2;2;Ada pengalaman handle customer, punya usaha online shop (kenal dengan distributor), punya kemauan untuk belajar handle customer dalam skala yang besar;https://drive.google.com/open?id=12IheNKTnpVhoWOwiaDnnapiNXs89w2OF&usp=drive_fs;https://drive.google.com/open?id=1KdXiNnTlKy3OlZdxfzejmOs9esQq4r2c&usp=drive_fs;Leadership, analisis data;RA
90188;2;2;2;2;2;2;Komunikasi aktif, kolaborasi dengan anggota tim lain cukup OK;2;2;2;2;2;2;Menunjukkan motivasi kerja yang baik dan pengalaman relevan, perlu ditingkatkan kepercayaan diri saat menjawab pertanyaan.;https://drive.google.com/open?id=17u6MQ__3OsuoD9czIpSdzCu65Q7aXOaG&usp=drive_fs;https://drive.google.com/open?id=1WlGz4d5RCQT8e4fiz-3wQm20rQlQekwQ&usp=drive_fs;;RA
90113;2;2;2;2;2;2;;2;2;2;2;2;2;Pengalaman sebagai SOA, punya masukan2 untuk pengembangan Gramedia Tlogomas. Punya potensi untuk pengembangan B2B dan networking. Dari pengalaman di sanggar tari punya potensi di leadership;https://drive.google.com/open?id=14Z8s0Vo4iTymC7xXzX0qznm87UHdfGsX&usp=drive_fs;https://drive.google.com/open?id=12mfr5Y1lD-TqVqt5ZAlSr2nr5uq7Oc9v&usp=drive_fs;Pengembangan networking lewat tugas B2B;VW
90105;2;2;2;2;2;2;Saat FGD ngelead jalannya diskusi dan aktif berpartisipasi;2;2;2;2;2;2;Pengalaman kerja saat di SOA Gramedia dan di perusahaan berikutnya. Terbiasa kerja dengan sistem target, target oriented, ada pengalaman mengarahkan anggota tim dalam achieve target dan strategi mencapai target penjualan.;https://drive.google.com/open?id=16tKhgtokOhnEIgkvVWQtbHCUkHyk1l91&usp=drive_fs;https://drive.google.com/open?id=162-spGmgRyiZBAmRAyMPVuIpCS7aMx2d&usp=drive_fs;perlu coaching leadership yang efektif ke team;VW
90185;2;2;2;2;2;2;Saat FGD ngelead jalannya diskusi dan aktif berpartisipasi;2;2;2;2;2;2;Fresh graduate, pengalaman dr organisasi di kampus dan intern;https://drive.google.com/open?id=1vNqpWTZ16DrXGp05oJAj_oCQsos797i2&usp=drive_fs;https://drive.google.com/open?id=10ix3zHSbkxso151FHHOvRK0BjwBh-x89&usp=drive_fs;sudah ada dasar2 di soft competencynya, diperkuat di technical skill yang dibutuhkan di retail;VW
90263;2;2;2;2;2;2;Aktif dan baik dalam berkomunikasi;2;2;2;2;2;2;Penjelasan baik, komunikatif dan berpengalaman di toko retail;https://drive.google.com/file/d/1wQxYz2wRIsdPqoE4KcBw8ejJIiKwakN2/view?usp=sharing;https://drive.google.com/file/d/1OpGuxJzMoJ6_CAUTpF9gsv1sElduqBPR/view?usp=sharing;;BILL
90268;2;2;2;2;2;2;Berpartisipasi dalam diskusi dengan kontribusi cukup, namun analisis, perencanaan, dan kepemimpinan masih pada tahap dasar. Menunjukkan kerja sama yang baik sebagai anggota tim.;2;2;2;2;2;2;Memiliki pemahaman tugas yang cukup baik, komunikatif namun perlu pendalaman soal rencana pengembangan diri.;https://drive.google.com/open?id=16K28ZtuL-bjmj4eT1PWo8BoT1MeJ4PdH&usp=drive_fs;https://drive.google.com/open?id=1XpsMUdY7fxoln-xqtRMYzCsxIyqJKlly&usp=drive_fs;;RA
90269;2;2;2;2;2;2;Sikap kooperatif dalam FGD, kontribusi relatif seimbang namun belum menonjol.;2;2;2;2;2;2;"Sikap positif dan kooperatif, namun jawaban masih umum; perlu memperkuat penjelasan terkait pencapaian sebelumnya.";https://drive.google.com/open?id=17YxLpM1c4Vk3k4JugmZyiveiZvTYne8K&usp=drive_fs;https://drive.google.com/open?id=1t-JkrrY32-s_n2wlW0plpi2X2PKNQVCw&usp=drive_fs;;RA
90266;2;2;3;3;2;2;Menunjukkan kemampuan perencanaan bisnis yang lebih baik dibanding aspek lain. Mampu mengambil peran memimpin diskusi, analisis dan kepemimpinan masih dapat ditingkatkan.;2;2;3;3;2;2;Memiliki pengalaman dan pemikiran yang matang di bidang business planning serta percaya diri memimpin tim.;https://drive.google.com/open?id=13DtkKsgIDOqCdXOjuKwJi024jv-WrM7z&usp=drive_fs;https://drive.google.com/open?id=1UvwT-ohU1sS7YWmU6YlHBBD3I_5JfIEU&usp=drive_fs;;RA
90334;;;;;;;;;;;;;;;;;;BILL
90332;;;;;;;;;;;;;;;;;;DET
90327;1;1;2;2;2;2;Aktif sebagai anggota tim, namun kontribusi analisis dan perencanaan masih terbatas.;2;2;2;2;2;2;Menunjukkan sikap yang sopan dan mudah diajak bekerja sama, namun perlu penguatan dalam menyampaikan gagasan secara terstruktur.;https://drive.google.com/open?id=18ij57jGq68LzB2XcLlP5ssgBBeFw_xGV&usp=drive_fs;https://drive.google.com/open?id=19zbOkvzocoMAHQokSC37cUigCvWuoUyB&usp=drive_fs;Potensi berkembang jika dilatih dalam penyusunan ide dan strategi.;RA
90328;2;2;2;2;2;2;Menunjukkan partisipasi stabil dalam FGD. Perlu pengembangan dalam aspek kepemimpinan dan pengambilan keputusan.;2;2;2;2;2;2;Memiliki motivasi belajar yang baik dan pengalaman dasar yang relevan, perlu ditingkatkan kemampuan menganalisis situasi kerja.;https://drive.google.com/open?id=1ogIFgjNDNVdzEs_ZYpuDlmmVuVOQCQqO&usp=drive_fs;https://drive.google.com/open?id=1wocChnHzK0SnRUDjJ1x7OXT4r6yNKRt9&usp=drive_fs;;RA
90277;2;2;3;2;2;2;Mampu menyampaikan perencanaan bisnis dengan cukup baik. Perlu peningkatan kemampuan analisis dan peran kepemimpinan agar lebih menonjol.;2;2;2;2;2;2;Memiliki kemampuan yang stabil di semua aspek, namun perlu lebih proaktif dalam memberikan ide dan usulan untuk pengembangan tim.;https://drive.google.com/open?id=1fDjLL7VNoBJ0aS76lxkmFFOYDpVltdRW&usp=drive_fs;https://drive.google.com/open?id=1C5zsjCK1mOW7PTMlodPuX_qwWbhAriGW&usp=drive_fs;;RA
90341;2;2;2;2;2;2;Komunikatif dan memberikan ide-ide pengembangan;2;2;2;2;2;2;Pegalaman di sosmed dan agency. cara menyampaikan ide jelas dan runut;https://drive.google.com/file/d/1IqfQDfKOUKQ4bxraPMLzVZ2aeStStR7N/view?usp=sharing;https://drive.google.com/file/d/1If1MU6qKJqczfIlvt6lIK9CpsVFdcZE6/view?usp=sharing;;BILL
90381;2;2;1;1;2;2;Cenderung bekerja sendiri dalam diskusi, analisis cukup, kontribusi analisis dan perencanaan masih bisa dikembangkan.;2;2;2;2;2;2;Sudah menunjukkan kerja sama yang baik sebagai anggota tim, tetapi masih perlu mengasah kemampuan analisis untuk pengambilan keputusan.;https://drive.google.com/open?id=1HeSA85rQjNdVZM5y8b0oWwcw83kEM98R&usp=drive_fs;https://drive.google.com/open?id=17DqFJis-_EFOvg4fwlXzuzjN-yHN7i_O&usp=drive_fs;Disarankan dilatih untuk lebih berkolaborasi dengan tim.;RA
90384;2;2;2;2;2;2;Berpartisipasi sebagai anggota tim dengan kontribusi rata-rata. Perlu penguatan pada kedalaman analisis dan inisiatif memimpin.;2;2;2;2;2;2;Memiliki dasar yang baik dalam analisis dan perencanaan, disarankan untuk lebih percaya diri dalam mengemukakan pendapat saat diskusi.;https://drive.google.com/open?id=1nqVILDJHUDVgs7YV3ZODo96lKD1iNytt&usp=drive_fs;https://drive.google.com/open?id=1A6xuUU2t07T55SgktqhWl7pHKOv4wHcN&usp=drive_fs;;RA
90385;2;2;2;2;2;2;Kontribusi cukup OK, namun analisis dan perencanaan masih dasar. Berperan sebagai anggota tim yang kooperatif.;2;2;2;2;2;2;Menunjukkan potensi untuk berkembang, perlu diarahkan untuk meningkatkan keberanian dalam memimpin dan menyampaikan pandangan.;https://drive.google.com/file/d/1zF2tZ93PrzhBkG1NEm9LuqEWi5XkkfMK/view?usp=drive_link;https://drive.google.com/file/d/1JGFy4_LkVGaGTkkEXoP2PI9rGPEQ3DhZ/view?usp=drive_link;;RA
90394;;;;;;;tidak FGD karena seleksi sendirian;2;2;2;2;1;1;Perlu dikembangkan di leadershipnya;https://drive.google.com/open?id=1LXY51O2sPV09PnyL0Qi_1zcgXAHsaYO5&usp=drive_fs;https://drive.google.com/open?id=19ArhpNB-YpleSTevrAb1dLFo0VFVPv96&usp=drive_fs;Lebih dikembangkan di leadershipnya;VW
90418;2;2;3;3;2;2;Menunjukkan kemampuan business planning yang baik, berpotensi memimpin diskusi. Perlu penguatan pada analisis dan kepemimpinan agar lebih konsisten.;2;2;2;2;2;2;Stabil dalam kemampuan teknis dan perencanaan, disarankan untuk meningkatkan kemampuan mempengaruhi anggota tim lain dalam mencapai tujuan bersama.;https://drive.google.com/open?id=1iVr98tNvZnQ4hrTx3l26UltUjebdVwJ9&usp=drive_fs;https://drive.google.com/open?id=1r9cevdka0rVdIg9CKtQgXm79hHOMeaJ-&usp=drive_fs;;RA
90482;2;2;2;2;1;1;Cenderung bekerja sendiri, kontribusi kepemimpinan rendah. Perlu dilatih kolaborasi tim dan keberanian menyampaikan pendapat.;2;2;2;2;1;1;Cenderung bekerja sendiri dan kurang kolaboratif (1), perlu pembinaan dalam kerja sama tim dan komunikasi agar lebih efektif dalam memimpin.;https://drive.google.com/open?id=1NczufjU_yddPhJWabfMgXvGhcqLhJ68o&usp=drive_fs;https://drive.google.com/open?id=1GHWv4nA0FHxuqHADIf9Zh0bcCQwNcisV&usp=drive_fs;;RA
90413;2;2;2;2;2;2;Partisipasi rata-rata sebagai anggota tim, kontribusi relevan namun tidak menonjol. Potensi masih perlu dikembangkan.;2;2;2;2;2;2;Sudah bekerja baik dalam tim namun masih perlu melatih kemampuan memimpin saat diperlukan.;https://drive.google.com/open?id=1rd9Szb8qUDoQjAIVLiEbfh9ynoVBVEsG&usp=drive_fs;https://drive.google.com/open?id=1s17uUqxF01GBYWwS3XQVZiWROrwZjOZK&usp=drive_fs;;RA
90459;2;2;2;2;2;2;Aktif mendukung jalannya diskusi, memberikan kontribusi sederhana. Analisis dan kepemimpinan masih perlu penguatan.;1;1;2;2;2;2;Memiliki kecenderungan bekerja sendiri (1), perlu dorongan untuk lebih aktif berinteraksi dan berkolaborasi dengan tim.;https://drive.google.com/open?id=1uL2_U-q3XXy3Ka7rvfiav00CRA7zTkzC&usp=drive_fs;https://drive.google.com/open?id=16l84QB1E72k5vV1JpD2UgWQYApv92jle&usp=drive_fs;;RA
90521;2;2;2;2;2;2;Memimpin jalannya diskusi dan memberikan ide-ide terkait kolaborasi;2;2;2;2;2;2;Komunikasi oke, memiliki pengalaman di sales dan penjualan B2B;https://drive.google.com/file/d/18khK_9UfLiOXxlZhbkRHe5goQqWbj3Kf/view?usp=sharing;https://drive.google.com/file/d/1XzgD8t7zHUgS4gAFmhPUrX0W38GA5iCE/view?usp=sharing;;BILL
90488;2;2;2;2;2;2;Ngelead FGD;2;2;2;2;2;2;Sudah pengalaman di retail, sudah nampak dr sisi leadership, analisa dan strategi;https://drive.google.com/open?id=1XhIxDWFISCLJvPVZ6kUkKCkKpbbaqjRE&usp=drive_fs;https://drive.google.com/open?id=1KfuqxT5SpcjZp8rZUbECBOzKF0NYxLn1&usp=drive_fs;Lebih banyak belajar technicak skill yg dibutuhkan sebagai SS Gramedia;VW
90551;2;2;2;2;2;2;Komunikatif dan memimpin jalannya diskusi;2;2;2;2;2;2;Memiliki pengalaman di Marketing dan marketplace. Komunikasinya oke;https://drive.google.com/file/d/1kjlhksh4-pQlZwnk_9ORPJGMR-Gdnyee/view?usp=drive_link;https://drive.google.com/file/d/1BfX1sbNKMsj8j6EgwGH5-fHjJlC8xCSP/view?usp=drive_link;;BILL
90550;2;2;2;2;2;2;Aktif dan berkomunikasi dengan baik;2;2;2;2;2;2;Punya pengalaman di Marketing, melakukan UpSelling dan penjualan serta pelayanan sebagai Customer Service.;https://drive.google.com/file/d/1IN8FV7OzZobyqT0TOIrm59DEX-eeWcLj/view?usp=sharing;https://drive.google.com/file/d/1Tl4dGRyW43KFY4J-93RptCjqJTJjIF2t/view?usp=sharing;;BILL
90520;2;2;2;2;2;2;Cukup kooperatif dalam FGD, pendapat masih terbatas. Perlu dilatih dalam menyusun ide lebih terstruktur.;2;2;2;2;3;3;Memiliki potensi kepemimpinan yang cukup baik, disarankan untuk melatih kemampuan membuat keputusan yang lebih cepat dan tepat.;https://drive.google.com/open?id=1eEJEAYScYR0UDFTOC15dzzShc0DDj_4I&usp=drive_fs;https://drive.google.com/open?id=1Cus-xnqybkv6vpMUjU5rFBkEAU1z7_YH&usp=drive_fs;;RA
90598;;;;;;;;;;;;;;;;;;DTA
90603;2;2;2;2;1;1;Cukup aktif dalam diskusi;2;2;2;2;1;1;Bisa analisa dan strategi, leadership perlu dikembangkan lagi. pengalaman di organisasi yg bisa dikembangkan untuk dasar leadership;https://drive.google.com/open?id=1F2sMLU4vffmoHF-LddjsLE-5sLqw38wn&usp=drive_fs;https://drive.google.com/open?id=10IjOS1nvT6dyxa4M-c9RbcAQ20Fraqsu&usp=drive_fs;Coaching di leadershipnya;VW
90593;2;2;2;2;2;2;Aktif saat diskusi cukup membantu ngelead;2;2;2;2;2;2;background dari IT kuat di analisa;https://drive.google.com/open?id=1E9PZIykUrm7rH2E7wkV4hS8NJ9tJdUFE&usp=drive_fs;https://drive.google.com/open?id=1QYUrkFvCBftjlfsBTyKdM4w8opNlP5Z0&usp=drive_fs;;VW
90596;2;2;2;2;2;2;Kontribusi minimal dalam analisis dan perencanaan, perlu meningkatkan inisiatif dan partisipasi aktif.;2;2;2;2;2;2;Konsisten bekerja dengan baik, namun masih perlu mengasah kemampuan analisis untuk meningkatkan kualitas pengambilan keputusan.;;;;RA
90599;2;2;2;2;2;2;Aktif saat diskusi cukup membantu ngelead;2;2;2;2;1;1;leadership perlu dikembangkan lagi;https://drive.google.com/open?id=1He54vr6GW28VNm_dLoLdtBEvUwi22ajN&usp=drive_fs;https://drive.google.com/open?id=18m2XQn23WhmntnyEIDpzHtI_UWKTmcR-&usp=drive_fs;coaching di leadershipnya;VW
90601;2;2;2;2;3;3;Mampu memimpin diskusi dan menyusun perencanaan dengan baik, analisis masih perlu penguatan.;2;2;2;2;3;3;Menunjukkan potensi sebagai pemimpin (3), perlu diarahkan agar lebih konsisten dalam mengelola tim dan mengembangkan anggota.;https://drive.google.com/open?id=100iqdz6Sr93VB_Xx0FYrnaKI4N8pyaeX&usp=drive_fs;https://drive.google.com/open?id=1EeEKvDTxj8tlD3bhMFss7SWs1d3WXlug&usp=drive_fs;;RA
90609;2;2;2;2;2;2;Berperan sebagai anggota tim, partisipasi cukup namun tidak menonjol, perlu dilatih lebih aktif dan berani berpendapat.;2;2;3;3;2;2;Aktif dalam bekerja sama namun masih perlu percaya diri dalam memimpin diskusi atau mengambil keputusan.;https://drive.google.com/open?id=1jsDIsB_gUnGaMU5eaxWMdkk6dxJC_He3&usp=drive_fs;https://drive.google.com/open?id=1BHPa6cu8t1cZgaYymOEGbIXMC1vsnssi&usp=drive_fs;;RA
90610;2;2;2;2;1;1;cukup aktif saat diskusi;2;2;2;2;1;1;sudah pengalaman di retail dan ada ide2 yg bisa diterapkan di toko, leadership perlu dikembangkan lagi;https://drive.google.com/open?id=1840UHYUUy0B1GREbRNSyFE5aHX3aNCUf&usp=drive_fs;https://drive.google.com/open?id=1hqioJOZLEGkf8JTX8w5l2UG06qngyf0c&usp=drive_fs;coaching di leadership;VW
90755;2;2;2;2;2;2;Aktif memberi masukan selama jalannya FGD;2;2;2;2;2;2;masih freshgraduate, punya kemampuan analisa,punya ide dan strategi pengembangan bisnis di toko. leadership perlu dikembangkan di toko;https://drive.google.com/file/d/108dLxrHe0BwRQFJENQy-nBwc99FC37xr/view?usp=drive_link;https://drive.google.com/file/d/1W_6U4hySb0MYMP4i_td5KqhMTiBiz04n/view?usp=drive_link;Potensial untuk dikembangkan meski masih freshgraduate. Keinginan belajarnya tinggi. Belajar operasional di store, pemahaman KPI yg jadi target dan bagaimana ngelead tim;VW
90694;2;2;3;3;2;2;Memiliki kemampuan business planning yang baik dan berani memimpin, perlu peningkatan konsistensi pada aspek lain.;2;2;2;2;3;3;Memiliki kemampuan perencanaan bisnis yang baik dan potensi kepemimpinan (3), disarankan meningkatkan konsistensi dan ketegasan saat mengarahkan tim.;https://drive.google.com/open?id=1OcYIhBiy1JPFENYzt1_GxPcZxXuL9hsR&usp=drive_fs;https://drive.google.com/open?id=1xB2PBsj69oMh9IMIhK0-JpBFOH8OkY0l&usp=drive_fs;;RA
90751;2;2;1;1;3;3;Lebih suka bekerja sendiri namun punya potensi memimpin jika diarahkan, perlu pembinaan kolaborasi dan komunikasi.;2;2;2;2;2;2;Memiliki kemampuan analitis yang cukup baik, dapat bekerja sama dalam tim, disarankan untuk lebih percaya diri dalam menyampaikan ide.;https://drive.google.com/open?id=1risKl4R-ozbYybEAgEBuheMM_si-B5lS&usp=drive_fs;https://drive.google.com/open?id=12s6OKlbVItB7TEcE5WrJuV5zrz4z7iCt&usp=drive_fs;Ikut pelatihan presentation skill untuk meningkatkan kepercayaan diri. Dilibatkan dalam diskusi tim untuk lebih aktif menyampaikan pandangan.;RA
90624;2;2;2;2;2;2;ngelead diskusi;2;2;2;2;2;2;dari pengalaman kerja sebelumnya membentuk kemampuan di analisa, strategi dan leadershipnya;https://drive.google.com/open?id=1utPVyqfNKBQhubkuL32kPcqiUOvCbhh1&usp=drive_fs;https://drive.google.com/open?id=1xR_48620zWwTFhr55IUr6U2M20g_5T4l&usp=drive_fs;Sudah ada dasar2 soft competency yg dibutuhkan, diperkuat di technical skill retail;VW
90769;3;3;2;2;2;2;Memiliki kemampuan analitis yang baik dan mampu memimpin diskusi, namun masih perlu mengasah komunikasi agar lebih inklusif pada anggota tim.;2;2;3;3;2;2;Menunjukkan potensi sebagai pemimpin (3) pada aspek perencanaan bisnis, disarankan untuk mengasah kemampuan komunikasi agar dapat mengarahkan tim lebih efektif.;https://drive.google.com/open?id=1Dx7zIw3QmAbGfJelkGSI_Pb3u9K_gGeM&usp=drive_fs;https://drive.google.com/open?id=1xTq6mRvlb4OhjX3jlnTim5-I-ve8GQ34&usp=drive_fs;"Mendapat coaching kepemimpinan dan komunikasi antar tim.
";RA
90767;2;2;2;2;2;2;"Partisipasi baik sebagai anggota tim, namun kontribusi ide masih terbatas; perlu dilatih untuk lebih proaktif dalam analisis dan perencanaan.";2;2;2;2;2;2;Stabil dalam kemampuan analisis dan perencanaan, namun masih perlu meningkatkan keaktifan dalam memberikan inisiatif di tim.;https://drive.google.com/open?id=1MZ6-Nox86DGk-TLJCXJX2rnlz2As0Bqq&usp=drive_fs;https://drive.google.com/open?id=1tI2NASGlOcJskvdn7TTnGMlWmLzJvD4s&usp=drive_fs;Mengikuti pelatihan critical thinking untuk memperkuat kontribusi dalam pengambilan keputusan.;RA
90766;2;2;2;2;2;2;Kooperatif dan mendukung jalannya diskusi, namun perlu penguatan dalam mengemukakan pendapat dan menyusun solusi yang terstruktur.;2;2;2;2;2;2;Cukup baik dalam bekerja sama, perlu lebih percaya diri dalam memberikan pendapat dan memimpin saat diperlukan.;https://drive.google.com/open?id=1mpVx_ziPh6FUsYkJuXYWPjlnqy5msCrZ&usp=drive_fs;https://drive.google.com/open?id=1HZluRWpcJqcKEefUNDP3Wd87c0vhcPCK&usp=drive_fs;Ikut workshop tentang komunikasi asertif.;RA
90772;2;2;2;2;2;2;"Aktif sebagai anggota tim namun kontribusi masih umum; perlu ditingkatkan kemampuan analisis dan keberanian untuk mengambil inisiatif.";2;2;2;2;2;2;Memiliki potensi yang baik dalam bekerja sama, disarankan untuk mengembangkan kemampuan dalam berpikir strategis.;https://drive.google.com/open?id=1gGRE5PRiHvrbifbn1dyHLkvKn1qem9UA&usp=drive_fs;https://drive.google.com/open?id=1xsDlazSEBfnOMR2aQYIV2SohmR-wddgK&usp=drive_fs;Mengikuti pelatihan perencanaan bisnis dasar.;RA
90788;2;2;3;3;2;2;Menunjukkan kemampuan business planning yang cukup baik dan berani memimpin, namun perlu meningkatkan keterampilan mendengarkan anggota tim.;3;3;2;2;2;2;Menunjukkan potensi kepemimpinan (3) terutama dalam analitis, disarankan untuk terus mengasah kemampuan kolaborasi agar kepemimpinannya semakin solid.;https://drive.google.com/open?id=1gFN2al3G2XL4CvrKE8Wjn9ZnHsXeodq4&usp=drive_fs;https://drive.google.com/open?id=1W-n84ROHlH-TZqEpsZ6I_IB8ZMr03r_i&usp=drive_fs;Mengikuti pelatihan 3ship & collaborative management.;RA
87724;2;2;2;2;2;2;selama FGD Reni aktif memberi masukan ke peserta lain, terkait penyelesaian kasus, ide-ide pengembangan buat store, dan ikut aktif mengarahkan jalannya diskusi;2;2;2;2;1;1;Reni dapat memaparkan target-target dan strategi pencapaian yg harus dicapai selama membantu mengelola bisnis keluarga di bidang marketplace penjualan tas. Di leadership tidak terlalu tampak karena sifatnya bisnis keluarga;https://drive.google.com/file/d/11NIK2OJFUPKYN1MAL5mPc3K3KxPn70Uf/view?usp=sharing;https://drive.google.com/file/d/11UoGXa5Z2hIZxcyPCDLFQO6qsx_SvPtU/view?usp=drive_link;"Akses materi2 terkait leadership, supervisory skill dan soft/technical competency lain di Kognisi

Melakukan diskusi dengan Store Manager untuk pengembangan pribadi";VW
90844;2;2;2;2;2;2;selama FGD Lintang aktif memberi masukan ke peserta lain, terkait penyelesaian kasus, dan ikut aktif mengarahkan jalannya diskusi;2;2;2;2;2;2;Lintang aktif dalam berbagai kegiatan organisasi dan yg melatihnya mengembangkan analisa dan strategi. Punya ide2 untuk pengembangan di Toko Gramedia;https://drive.google.com/file/d/1K36YycQbE4gj8mWKb9QGU97IBRlbqKsh/view?usp=drive_link;https://drive.google.com/file/d/1lia9p892QYRBWMCgm5ulrqdAkoyiT9tX/view?usp=drive_link;Coaching supaya menguasai operasional store;VW
90883;;;;;;;;;;;;;;;;;;
4844;;;;;;;;;;;;;;;;;;
90833;;;;;;;;;;;;;;;;;;
6311;;;;;;;;;;;;;;;;;;
90835;;;;;;;;;;;;;;;;;;
6306;;;;;;;;;;;;;;;;;;
90927;2;2;2;2;1;1;;2;2;2;2;2;2;;https://drive.google.com/open?id=1gTFTNgROtKTRV6OPpvKzPuIzEI1I-CIg&usp=drive_fs;https://drive.google.com/open?id=1orSgDBj_Z_Kj3l-IUc_AecfhLgZYlEBY&usp=drive_fs;;RA
90888;2;2;2;2;2;2;Wira aktif dalam jalannya FGD dan memberikan ide ke peserta lain, ikut bantu ngelead jalannya diskusi;2;2;2;2;2;2;Wira aktif secara pribadi sebagai KOL Tiktok dan mengelola KOL di perusahaan2 sebelumnya. Punya ide2 untuk pengembangan digital marketing Gramedia;https://drive.google.com/file/d/1nUWj49SpfGBK9gPTzLJNW9aciTn_iN3V/view?usp=drive_link;https://drive.google.com/file/d/1qZYlbppNFEi413wc3XqsT32-eSPAi0S-/view?usp=drive_link;Coaching operasional toko;VW
91007;;;;;;;;;;;;;;;;;;
90862;;;;;;;tidak FGD, kandidat satu2nya;2;2;2;2;2;2;dengan bekal pengalaman sebagai SOA Fadhli punya gambaran apa yang perlu dilakukan sebagai SS ;https://drive.google.com/file/d/1dZAtavDdaTELHogGct5dmLRoiMMAezBU/view?usp=drive_link;https://drive.google.com/file/d/1Rrb8zL8_SKIBq3rNASRn3t35gn3Eo0sn/view?usp=sharing;;VW
1340;;;;;;;;;;;;;;;;;;
90928;;;;;;;;;;;;;;;;;;
